{"cameraMode":{"drawMode":0,"name":"Shaded","section":"Shading Mode"},"sceneLighting":true,"audioPlay":false,"sceneViewState":{"showFog":true,"showMaterialUpdate":false,"showSkybox":true,"showFlares":true,"showImageEffects":true,"showParticleSystems":true},"in2DMode":false,"pivot":{"x":0.04680348560214043,"y":-0.1523124873638153,"z":3.6436843872070314},"rotation":{"x":0.4790444076061249,"y":-0.5204311013221741,"z":0.4833781123161316,"w":0.5157700777053833},"size":19.262104034423829,"orthographic":false}