{"cameraMode":{"drawMode":0,"name":"Shaded","section":"Shading Mode"},"sceneLighting":true,"audioPlay":false,"sceneViewState":{"showFog":true,"showMaterialUpdate":false,"showSkybox":true,"showFlares":true,"showImageEffects":true,"showParticleSystems":true},"in2DMode":false,"pivot":{"x":-0.18310546875,"y":-0.234130859375,"z":-0.279022216796875},"rotation":{"x":0.07634267210960388,"y":0.6813668608665466,"z":-0.07180760055780411,"w":0.7243996262550354},"size":0.8828514218330383,"orthographic":true}